{
  "accuracy": [
    0.9773575027812316,
    0.9840978993521367,
    0.9818717277486911,
    0.9807591623036649,
    0.9807591623036649
  ],
  "precision": [
    0.9822552173154436,
    0.98568329124281,
    0.9827294648443188,
    0.9823613607192392,
    0.982196751046989
  ],
  "recall": [
    0.9773575027812316,
    0.9840978993521367,
    0.9818717277486911,
    0.9807591623036649,
    0.9807591623036649
  ],
  "f1": [
    0.9794374744110625,
    0.9847068331317546,
    0.9822270473361322,
    0.9813535752853475,
    0.9812969410734141
  ]
}