{
  "total_samples": 101871,
  "total_features": 22,
  "class_distribution": {
    "0": 97640,
    "1": 2059,
    "2": 1324,
    "3": 752,
    "4": 96
  },
  "heading_imbalance_ratio": 21.447916666666668,
  "feature_statistics": {
    "font_size": {
      "mean": 12.688726425170898,
      "std": 1.0943869352340698,
      "min": 4.460120677947998,
      "max": 39.960182189941406,
      "missing_values": 0
    },
    "font_ratio": {
      "mean": 0.9961826205253601,
      "std": 0.07221953570842743,
      "min": 0.3716767132282257,
      "max": 3.619581460952759,
      "missing_values": 0
    },
    "z_score": {
      "mean": 8.753084368429143e-10,
      "std": 0.9524479508399963,
      "min": -19.39072036743164,
      "max": 35.530269622802734,
      "missing_values": 0
    },
    "is_bold": {
      "mean": 0.18217156827449799,
      "std": 0.3859858512878418,
      "min": 0.0,
      "max": 1.0,
      "missing_values": 0
    },
    "font_differs": {
      "mean": 0.21003033220767975,
      "std": 0.40732982754707336,
      "min": 0.0,
      "max": 1.0,
      "missing_values": 0
    },
    "y_position": {
      "mean": 0.4501248002052307,
      "std": 0.2534157633781433,
      "min": -0.042510081082582474,
      "max": 0.9653355479240417,
      "missing_values": 0
    },
    "x_position": {
      "mean": 0.3293127417564392,
      "std": 0.21235240995883942,
      "min": 0.017687171697616577,
      "max": 0.9534556269645691,
      "missing_values": 0
    },
    "left_margin": {
      "mean": 203.6344451904297,
      "std": 134.94680786132812,
      "min": 10.529526710510254,
      "max": 779.4000244140625,
      "missing_values": 0
    },
    "gap_before": {
      "mean": -0.2582870125770569,
      "std": 107.75271606445312,
      "min": -771.6799926757812,
      "max": 724.3478393554688,
      "missing_values": 0
    },
    "gap_after": {
      "mean": -0.25828713178634644,
      "std": 107.75271606445312,
      "min": -771.6799926757812,
      "max": 724.3478393554688,
      "missing_values": 0
    },
    "is_first": {
      "mean": 0.02386351302266121,
      "std": 0.15262387692928314,
      "min": 0.0,
      "max": 1.0,
      "missing_values": 0
    },
    "text_length": {
      "mean": 31.464313507080078,
      "std": 29.589500427246094,
      "min": 1.0,
      "max": 142.0,
      "missing_values": 0
    },
    "word_count": {
      "mean": 6.949357509613037,
      "std": 6.567566871643066,
      "min": 1.0,
      "max": 35.0,
      "missing_values": 0
    },
    "capital_ratio": {
      "mean": 0.2516604959964752,
      "std": 0.3585551083087921,
      "min": 0.0,
      "max": 1.0,
      "missing_values": 0
    },
    "upper_ratio": {
      "mean": 0.16388384997844696,
      "std": 0.31128373742103577,
      "min": 0.0,
      "max": 1.0,
      "missing_values": 0
    },
    "punct_count": {
      "mean": 0.7401419281959534,
      "std": 1.0571845769882202,
      "min": 0.0,
      "max": 18.0,
      "missing_values": 0
    },
    "period_count": {
      "mean": 0.3201499879360199,
      "std": 0.6371581554412842,
      "min": 0.0,
      "max": 13.0,
      "missing_values": 0
    },
    "ends_period": {
      "mean": 0.11485113203525543,
      "std": 0.31884220242500305,
      "min": 0.0,
      "max": 1.0,
      "missing_values": 0
    },
    "starts_number": {
      "mean": 0.16848759353160858,
      "std": 0.37429872155189514,
      "min": 0.0,
      "max": 1.0,
      "missing_values": 0
    },
    "numbered_pattern": {
      "mean": 0.019770100712776184,
      "std": 0.1392093300819397,
      "min": 0.0,
      "max": 1.0,
      "missing_values": 0
    },
    "all_caps": {
      "mean": 0.09889958798885345,
      "std": 0.2985271215438843,
      "min": 0.0,
      "max": 1.0,
      "missing_values": 0
    },
    "placeholder": {
      "mean": 0.0,
      "std": 0.0,
      "min": 0.0,
      "max": 0.0,
      "missing_values": 0
    }
  },
  "quality_flags": {
    "has_sufficient_samples": true,
    "has_multiple_heading_classes": true,
    "no_missing_values": true,
    "reasonable_heading_imbalance": false,
    "feature_variance_adequate": true
  },
  "overall_quality_score": 0.8
}