overall_accuracy,heading_accuracy,heading_precision,heading_recall,heading_f1
0.9954848841774637,0.9267139479905437,0.989873916469661,0.9267139479905437,0.9570026709859462
